,original position,computed position,offset
0,-1.1392575251198842 1.0325618385362527 -0.7032637655269739,-2.102140628542006 1.9486071405965082 -1.0450586594481905,1.372263318679435
1,0.7377866294600861 0.5570740025302117 0.7484429164091947,-3.293215067273982 -1.923175615901103 -3.0512082383242576,6.069428453031543
