,original position,computed position,offset
0,-1.1392575251198842 1.0325618385362527 -0.7032637655269739,-2.19390223414928 2.0336667781351023 -1.090677044461406,1.5048506939452972
1,0.7377866294600861 0.5570740025302117 0.7484429164091947,-3.478288436974377 -2.0312549804398654 -3.2226812149712765,6.343860240951528
