,original position,computed position,offset
0,-1.1392575251198842 1.0325618385362527 -0.7032637655269739,-1.8388379288332446 1.7045352103818836 -0.9141602967741502,0.9926924501684428
1,0.7377866294600861 0.5570740025302117 0.7484429164091947,-1.703724373407811 -0.9949429673496902 -1.578523642635593,3.712749118757277
