,original position,computed position,offset
0,-1.1392575251198842 1.0325618385362527 -0.7032637655269739,-2.1837021589987837 2.0242116831699932 -1.085606176833277,1.4901072871052166
1,0.7377866294600861 0.5570740025302117 0.7484429164091947,-3.4329378858881663 -2.0047711121728367 -3.1806633168807843,6.276612873766627
