,original position,computed position,offset
0,-1.1392575251198842 1.0325618385362527 -0.7032637655269739,-2.0881904709475934 1.9356758569650356 -1.0381234750001267,1.3521167445854232
1,0.7377866294600861 0.5570740025302117 0.7484429164091947,-3.228225583285039 -1.8852229804538867 -2.990994603653976,5.973061224463793
