,original position,computed position,offset
0,-1.1392575251198842 1.0325618385362527 -0.7032637655269739,-2.0799357905874682 1.9280240715065917 -1.0340197413706078,1.3401968979801449
1,0.7377866294600861 0.5570740025302117 0.7484429164091947,-3.2095353659774593 -1.874308245324977 -2.9736778648865427,5.945347229674982
