,original position,computed position,offset
0,-1.1392575251198842 1.0325618385362527 -0.7032637655269739,-1.8621169686605525 1.7261140251470903 -0.9257332438095923,1.0261740005651767
1,0.7377866294600861 0.5570740025302117 0.7484429164091947,-1.7741613538856977 -1.0360768382161643 -1.6437844563773194,3.817167022218821
