,original position,computed position,offset
0,-1.1392575251198842 1.0325618385362527 -0.7032637655269739,-2.0959727142994327 1.942889710671755 -1.041992341190308,1.3633553593852639
1,0.7377866294600861 0.5570740025302117 0.7484429164091947,-3.262447448601431 -1.905207905690372 -3.0227016240735782,6.023805775425375
