,original position,computed position,offset
0,-1.1392575251198842 1.0325618385362527 -0.7032637655269739,-1.850843299348593 1.7156637478327488 -0.9201286493413382,1.009956885416901
1,0.7377866294600861 0.5570740025302117 0.7484429164091947,-1.724838539194029 -1.0072732427676758 -1.5980862024065776,3.74404913570991
