,original position,computed position,offset
0,-1.1392575251198842 1.0325618385362527 -0.7032637655269739,-2.2021115442648758 2.0412765070435417 -1.0947582227174724,1.5167174616537238
1,0.7377866294600861 0.5570740025302117 0.7484429164091947,-3.5193147628266575 -2.0552135825588667 -3.2606926599791093,6.404695680614547
