,original position,computed position,offset
0,-1.1392575251198842 1.0325618385362527 -0.7032637655269739,-2.172938619733877 2.0142342776696602 -1.0802551885300333,1.4745507506133477
1,0.7377866294600861 0.5570740025302117 0.7484429164091947,-3.4076890808819735 -1.9900262852706732 -3.157269958029639,6.2391731662704
