,original position,computed position,offset
0,-1.1392575251198842 1.0325618385362527 -0.7032637655269739,-1.8707556692593197 1.7341217832597855 -0.9300278893459301,1.038603802598134
1,0.7377866294600861 0.5570740025302117 0.7484429164091947,-1.817453804163796 -1.0613588143478867 -1.6838954962721782,3.8813462368332563
